tick,input_ready_us,resident_us,refinements
0,592,582,0
1,2188,1372,0
2,826,205,0
3,4778,298,0
4,683,266,0
5,2341,924,1
6,1231,1080,1
7,2222,275,1
8,2462,408,1
9,959,269,2
10,2086,1338,2
11,8139,343,2
12,4262,251,2
13,4899,276,2
14,1614,920,3
15,1740,881,3
16,6922,426,3
17,2382,358,3
18,685,600,4
19,1350,1094,4
20,7224,477,4
21,4979,300,4
22,2074,1212,5
23,7224,328,5
24,2940,332,5
25,560,296,6
26,2747,1384,6
27,5259,261,6
28,2063,506,6
29,1398,779,7
30,7641,336,7
31,3529,589,7
32,525,501,7
33,2004,1245,8
34,417,285,8
35,3522,706,8
36,1194,749,9
37,1903,1166,9
38,5891,419,9
39,2305,699,9
40,1127,947,10
41,4261,344,10
42,7032,460,10
43,1360,600,11
44,2567,1605,11
45,665,315,11
46,1819,641,11
47,1475,893,12
48,2525,248,12
49,2607,302,12
50,827,772,13
51,7113,276,13
52,6020,293,13
53,1295,789,14
54,6005,259,14
55,4764,305,14
56,2036,828,15
57,3991,284,15
58,2563,265,15
59,1354,825,16
60,1496,281,16
61,4328,341,17
62,1527,566,17
63,2358,1439,17
64,4854,275,17
65,650,337,18
66,2453,1371,18
67,2294,301,18
68,1745,645,19
69,5359,399,19
70,4565,621,19
71,1058,676,20
72,5046,325,20
73,3819,247,20
74,2287,994,21
75,2667,380,21
76,2757,281,21
77,1947,773,22
78,7064,295,22
79,2514,330,22
80,911,614,23
81,1600,1252,23
82,3099,250,23
83,3707,523,23
84,2278,992,24
85,4402,484,24
86,7700,575,24
87,1627,607,25
88,2526,1276,25
89,2375,243,25
90,2942,280,25
91,2432,1130,26
92,4368,267,26
93,7224,501,26
94,722,555,27
95,2056,1643,27
96,1949,256,27
97,4513,475,27
98,1415,772,28
99,9087,289,28
100,4409,303,28
101,1580,386,28
102,1406,1138,29
103,927,853,29
104,5033,364,29
105,888,400,29
106,1961,896,30
107,1032,951,30
108,7760,286,30
109,4259,301,30
110,2073,830,31
111,1375,1044,31
112,2528,312,31
113,1570,318,31
114,1785,636,32
115,2591,1224,32
116,4228,312,32
117,7482,322,32
118,3392,324,32
119,2060,1254,33
