camera,x,y,w,h,full_us,roi_us,different_bytes,encode_us,coverage_bytes
0,0,0,130,748,292166,14415,0,5095,1761184
0,868,0,130,748,292166,14351,0,5663,1759580
0,0,656,998,92,292166,13181,0,4346,1129184
0,213,97,417,319,292166,17928,0,6406,2667560
0,0,0,3,5,292166,5146,0,1919,160
0,986,745,12,3,292166,5037,0,1763,432
1,0,0,130,748,30874,10003,0,2812,1867320
1,868,0,130,748,30874,9516,0,2509,1736364
1,0,656,998,92,30874,10367,0,2587,1953712
1,213,97,417,319,30874,10476,0,2903,2547552
1,0,0,3,5,30874,6396,0,1700,256
1,986,745,12,3,30874,4356,0,1081,432
2,0,0,130,748,52034,14036,0,4800,991088
2,868,0,130,748,52034,1123,0,344,0
2,0,656,998,92,52034,1080,0,282,0
2,213,97,417,319,52034,28776,0,12744,2359476
2,0,0,3,5,52034,1081,0,310,0
2,986,745,12,3,52034,1071,0,298,0
